id;name;surname;gender;date_of_birth;year;hogsmeade_consent;house_id;dormitory_id
0;Jack;Jewell;F;2007-03-03;7;1;2;80
1;Harris;Wattis;M;2007-10-14;7;1;3;92
2;Lilly;Gayfer;F;2008-12-15;6;1;1;50
3;Jay;Knapp;M;2007-01-22;7;1;2;64
4;Tigerlily;Reason;F;2010-04-15;4;1;1;47
5;Roualeyn;Colburn;M;2011-12-31;3;1;1;29
6;Leopold;Asbridge;M;2008-01-19;6;1;1;36
7;Cliff;Pilgrim;M;2009-09-15;5;1;3;90
8;Wayne;Rouse;M;2012-12-31;2;0;0;1
9;Andy;Beddington;M;2008-02-16;6;1;2;62
10;Lynnette;Trotman;F;2011-12-27;3;1;3;96
11;Sylvie;Bigwood;F;2011-08-29;3;1;0;17
12;Mara;Waering;F;2013-07-22;1;0;2;66
13;Rhett;Miller;M;2007-11-21;7;1;1;39
14;Marvin;Adlard;M;2007-08-07;7;1;2;64
15;Kelsey;Holness;M;2011-09-14;3;1;0;3
16;Terence;Cope;M;2010-03-02;4;1;0;4
17;Ultan;Naudain;M;2012-06-07;2;0;1;28
18;Ursula;Berkeley;F;2008-07-28;6;1;2;77
19;Adel;Lovejoy;M;2007-01-08;7;1;2;64
20;Velma;Welbourn;F;2013-03-09;1;0;0;14
21;Newt;Oatway;M;2007-05-04;7;0;2;64
22;Frederick;Maidment;M;2010-05-13;4;1;1;30
23;Patty;Loftin;M;2009-01-19;5;1;2;60
24;Sherry;Campbell-Bannerman;F;2008-07-07;6;1;2;76
25;Richard;Tompkins;M;2007-09-19;7;1;3;92
26;Rathbone;Mileham;M;2009-05-27;5;1;0;7
27;Karlie;Beach;F;2008-01-16;6;1;3;101
28;Cardew;Walton;M;2007-03-27;7;1;0;11
29;Leona;Stobart;F;2009-08-25;5;1;0;20
30;Nevaeh;Carr;F;2010-05-06;4;1;2;71
31;Josie;Ashley-Cooper;F;2013-09-10;1;0;2;67
32;Taylor;Dowdall;F;2008-12-12;6;1;2;77
33;Teddy;Townsend;M;2008-04-16;6;1;0;10
34;Hervey;Beeby;M;2007-11-02;7;1;0;11
35;Rory;Freeman;M;2008-06-25;6;1;0;10
36;Burt;Rex;M;2009-01-01;5;1;0;7
37;Samuel;Amory;M;2013-11-09;1;0;3;81
38;Yvette;Sedgemore;F;2007-11-19;7;1;2;78
39;Dutton;Jayes;M;2011-04-14;3;1;0;2
40;Nathan;Compton;M;2007-03-14;7;1;0;11
41;Sid;McCloud;M;2012-05-13;2;0;2;56
42;Solomon;Huxtable;M;2009-05-10;5;1;2;60
43;Trevor;Weaving;M;2010-02-13;4;1;0;5
44;Louella;Adley;F;2007-03-04;7;1;3;103
45;Anna;Arliss;F;2012-02-25;2;0;0;16
46;Felix;Parkins;M;2010-12-25;4;1;3;88
47;Leroy;Higginbotham;M;2012-05-11;2;0;1;28
48;Gaylord;Horner;M;2012-03-25;2;0;2;56
49;Gene;Aylesworth;M;2009-04-28;5;1;2;61
50;Muriel;Dobb;F;2013-02-19;1;0;0;13
51;Rodger;Pratt;M;2011-05-18;3;1;0;2
52;Emily;Shepherd-Barron;F;2012-02-01;2;0;2;68
53;Anthony;Paul;M;2010-07-05;4;1;1;31
54;Josiah;Daw;M;2012-12-13;2;0;0;1
55;Venus;Peach;F;2010-06-02;4;1;1;47
56;Kay;Amberg;F;2012-02-16;2;0;3;94
57;Ramsey;Whelan;M;2010-07-13;4;1;3;88
58;Lara;Tidy;F;2008-09-26;6;1;1;50
59;Sandi;Randolph;F;2013-07-18;1;0;2;66
60;Aubrey;Clower;F;2008-03-05;6;1;2;77
61;Julianne;Elliot;F;2008-06-22;6;1;0;21
62;Mara;Bowes;F;2008-08-03;6;1;1;50
63;Astrid;Keenum;F;2012-04-13;2;0;3;95
64;Sarina;Welliver;F;2008-07-06;6;1;3;101
65;Romilda;Oughtred;F;2010-12-30;4;1;3;97
66;Florence;Fountaine;F;2011-12-15;3;1;1;45
67;Montgomery;Thorn;M;2010-04-30;4;1;3;89
68;Eversley;Barnett;M;2012-09-11;2;0;3;85
69;Saul;Whitelaw;M;2010-11-06;4;1;3;89
70;Melvin;Ramsey;M;2009-11-01;5;1;1;33
71;Darvin;Carrell;M;2010-10-18;4;1;0;4
72;Cari;Card;F;2010-02-05;4;1;3;97
73;Karl;Godwin;M;2011-08-26;3;1;1;29
74;Barb;Mefford;F;2013-08-02;1;0;2;67
75;Connor;Duffy;M;2007-07-18;7;1;1;38
76;Jedediah;Padfield;M;2009-08-01;5;1;0;6
77;Emil;Buckler;M;2010-04-20;4;1;0;5
78;Jacqui;Longfield;F;2012-09-18;2;0;2;68
79;Laurel;Cust;F;2010-10-09;4;1;0;18
80;Naila;Hart;F;2013-08-31;1;0;2;65
81;Beresford;Whelan;M;2013-04-30;1;0;0;0
82;Brianna;Simons;F;2013-08-25;1;0;2;66
83;Liam;Atlee;M;2009-11-11;5;1;0;8
84;Ethan;Appleyard;M;2008-02-27;6;1;0;9
85;Mary Belle;Lester;F;2008-08-31;6;1;2;76
86;Matthias;Digby;M;2007-11-24;7;1;0;11
87;Isidore;Zeal;M;2011-03-05;3;1;0;2
88;Charmaine;Hayles;F;2009-07-20;5;1;3;100
89;Dwayne;Lennon;M;2008-10-07;6;1;1;36
90;Gamaliel;Bridges;M;2010-03-05;4;1;3;88
91;Shawn;Kirkland;M;2013-01-03;1;0;1;26
92;Cwichelm;Tebbetts;M;2008-11-08;6;1;0;9
93;McKenna;Lang;F;2008-03-18;6;1;2;77
94;Reynold;Irish;M;2010-05-05;4;1;2;59
95;Kyan;Gates;M;2013-12-06;1;0;1;26
96;Muriel;Holt;F;2012-11-27;2;0;0;16
97;Corey;Siviter;M;2010-12-25;4;1;1;31
98;Helene;Tomlin;F;2013-04-06;1;0;3;93
99;Will;Higham;M;2009-07-05;5;1;0;8
100;Patience;Dunne;F;2007-05-21;7;1;1;52
101;Charity;Virgo;F;2013-02-19;1;0;1;40
102;Janee;Michelmore;F;2012-10-28;2;0;0;16
103;Nicole;Ramsey;F;2010-11-02;4;1;3;97
104;Ash;Stephenson;F;2013-03-08;1;0;3;93
105;Eva;Greene;F;2012-02-05;2;0;1;42
106;Charly;Farebrother;F;2013-12-08;1;0;2;65
107;Mayola;Mullen;F;2011-03-25;3;1;2;69
108;Jodie;Coon;F;2011-01-15;3;1;1;44
109;Mary Belle;Engineer;F;2012-08-28;2;0;1;43
110;Vincent;Lapthorne;M;2011-07-25;3;1;0;3
111;Kylie;Toop;F;2013-03-15;1;0;2;66
112;Archie;Westgate;M;2011-10-03;3;1;2;57
113;Chris;Hamerton;M;2008-10-26;6;1;2;63
114;Marianne;Whiting;F;2010-12-27;4;1;1;46
115;Monty;Wilkins;M;2013-07-16;1;0;3;83
116;Sigmund;Umpleby;M;2010-09-06;4;1;2;59
117;Jackson;Batts;M;2011-11-30;3;0;1;29
118;Gaylord;Underwood;M;2013-02-14;1;0;1;26
119;Ronald;Thaxter;M;2012-09-26;2;0;1;28
120;Isaiah;Bettridge;M;2008-03-12;6;1;3;91
121;Newt;Pattinson;M;2010-11-01;4;1;0;4
122;Vilma;Milnes;F;2013-04-06;1;0;0;13
123;Billy;Heaton;M;2013-03-02;1;0;3;83
124;Jaden;Roth;M;2009-12-01;5;1;3;90
125;Marta;Brimson;F;2012-09-21;2;0;0;16
126;Jonty;Reston;M;2012-05-05;2;0;3;84
127;Cora;Alden;F;2008-04-16;6;1;3;102
128;Jasper;Morgan;M;2013-04-18;1;0;0;0
129;Kathleen;Tinnin;F;2013-07-19;1;0;3;93
130;Beatrice;Doran;F;2010-09-10;4;1;2;71
131;Pixie;Painter;F;2008-03-19;6;1;0;21
132;Coral;Lumpkins;F;2013-02-03;1;0;2;65
133;Nathalie;Randlett;F;2007-08-27;7;1;1;52
134;Colette;Elliot;F;2012-10-25;2;0;2;68
135;Evelyn;Pastor;M;2013-02-08;1;0;0;0
136;Ronnie;Gayford;F;2011-03-09;3;1;2;70
137;Blake;Collings;F;2009-02-07;5;1;1;48
138;Stan;Engleman;M;2010-07-06;4;1;0;5
139;Ford;Andrew;M;2011-02-08;3;1;0;3
140;Ross;Charles;M;2013-07-11;1;0;1;26
141;Taylor;Dover;F;2011-08-31;3;1;0;17
142;Jeanie;Patrick;F;2010-02-02;4;1;0;18
143;Cletus;Hynes;M;2012-08-20;2;0;2;56
144;Dennis;Blake;M;2012-07-18;2;0;1;28
145;Patience;Simpson;F;2009-02-22;5;1;3;100
146;Carlton;Jayes;M;2008-03-09;6;1;1;36
147;Marianne;Logan;F;2008-08-04;6;1;3;101
148;Freddy;Fairfax;M;2011-11-19;3;1;0;2
149;Posy;Sturgess;F;2011-02-11;3;1;2;69
150;Evan;Sayles;M;2010-06-03;4;1;0;4
151;Dane;Wick;M;2008-11-16;6;1;2;62
152;Carlie;Barrett;F;2009-09-19;5;1;0;20
153;Vivian;Balfe;M;2013-06-03;1;0;0;0
154;Randi;Myddelton;M;2008-08-29;6;1;2;63
155;Ace;George;M;2011-05-25;3;1;1;29
156;Tigerlily;Finley;F;2010-02-03;4;1;0;18
157;Sharleen;Thruston;F;2012-02-13;2;0;0;16
158;Sky;Warne;F;2011-09-16;3;1;1;44
159;Gideon;Ridgway;M;2009-03-01;5;1;1;33
160;Francine;Golden;F;2012-04-14;2;0;2;68
161;Claudia;Parker;F;2013-11-29;1;0;2;65
162;Beatrix;Wolfe;F;2010-08-13;4;1;2;71
163;Effie;Bronson;F;2013-06-21;1;0;1;40
164;Kenneth;Bye;M;2007-10-08;7;1;1;38
165;Jake;Gable;M;2013-11-29;1;0;3;83
166;Valentine;Colwell;M;2009-11-11;5;1;2;61
167;Louella;Greenbury;F;2013-02-03;1;0;1;40
168;Pansy;Gulliver;F;2011-04-03;3;1;3;96
169;Karyne;Watkin;F;2012-06-27;2;0;1;43
170;Samuel;Acres;M;2011-04-15;3;1;2;57
171;Jesse;Cooksey;M;2012-04-09;2;0;3;84
172;Caden;Maxwell;F;2008-06-22;6;1;0;21
173;Aubrey;Webster;F;2011-02-22;3;1;3;96
174;Sienna;Whiffen;F;2011-07-12;3;1;0;17
175;Brian;Tilley;M;2009-08-28;5;1;2;61
176;Nick;Blackie;M;2012-01-23;2;0;1;28
177;Dimity;Fearon;F;2007-02-24;7;1;0;24
178;Jerome;Waterfield;M;2012-06-20;2;0;3;84
179;Zeph;Waterhouse;M;2007-04-01;7;1;1;39
180;Clark;Holder;M;2010-02-08;4;1;3;89
181;Maurice;Battye;M;2011-09-11;3;1;3;87
182;Bridget;Beverly;F;2009-07-16;5;1;1;49
183;Davy;Deacon;M;2008-09-12;6;1;1;35
184;Jack;Alan;M;2012-10-27;2;0;0;1
185;Lorena;Connery;F;2009-04-15;5;1;1;48
186;Leanne;Bestall;F;2007-11-29;7;1;1;52
187;Heidi;Culliford;F;2013-05-23;1;0;2;67
188;Nicola;Blessitt;F;2011-04-02;3;1;2;70
189;Irma;Besley;F;2008-02-17;6;1;3;102
190;Hubert;Laidley;M;2010-02-17;4;1;0;4
191;Gwendoline;Barnfather;F;2008-05-08;6;1;0;21
192;Nick;Yonge;M;2011-02-18;3;1;3;87
193;Holly;Qualls;F;2013-03-06;1;0;1;40
194;Medea;Noe;F;2007-07-22;7;1;0;25
195;Elmer;Simons;M;2008-12-03;6;1;0;9
196;Howard;Frye;M;2010-10-20;4;1;3;89
197;Sebastian;Rakestraw;M;2009-07-21;5;1;2;60
198;Fabienne;Kovacevich;F;2010-03-26;4;1;2;72
199;Chazz;Cross;M;2012-06-03;2;0;1;28
200;Cecil;Delf;M;2010-03-28;4;1;0;5
201;Syd;Boyce;M;2010-12-22;4;1;1;30
202;Lauretta;Dickenson;F;2013-05-18;1;0;1;40
203;Morty;Corrie;M;2009-12-26;5;1;2;60
204;Richie;Hallman;M;2011-09-25;3;1;1;29
205;Zak;Seaborn;M;2007-03-30;7;1;2;64
206;Simon;Babcock;M;2012-03-14;2;0;0;1
207;Jeff;Stockwell;M;2013-08-15;1;0;2;55
208;Loraine;Crisfield;F;2007-12-21;7;1;3;103
209;Sandra;Claydon;F;2010-05-03;4;1;1;47
210;Corey;Barlow;M;2011-04-20;3;1;1;29
211;Jess;Malghum;M;2013-08-05;1;0;1;27
212;Bram;Tebbetts;M;2013-02-14;1;0;1;26
213;Wes;Bottrill;M;2011-06-10;3;1;1;29
214;Adrian;Thubron;M;2009-01-16;5;1;1;33
215;Nathaniel;Nicholls;M;2008-12-09;6;1;1;35
216;Kitty;Colegrove;F;2013-02-06;1;0;2;67
217;Jet;Beckley;M;2008-10-26;6;1;3;91
218;Palmer;Hutchison;M;2013-10-31;1;0;1;27
219;Jackson;Dickinson;M;2008-09-28;6;1;0;9
220;Gladys;Topp;F;2007-03-22;7;1;1;52
221;Naila;Arterton;F;2013-10-27;1;0;0;15
222;Gwen;Engleman;F;2007-07-25;7;1;3;103
223;Herschel;Dann;M;2012-12-31;2;0;2;56
224;Tammy;Hitchens;F;2010-05-22;4;1;2;71
225;Jordan;Sparrow;M;2007-07-01;7;1;0;11
226;Matilda;Ambler;F;2013-12-12;1;0;1;40
227;Moses;Walmsley;M;2010-06-26;4;1;2;59
228;Laurence;Lane Fox;M;2009-07-23;5;1;1;33
229;Laurel;Merchant;F;2012-03-15;2;0;0;16
230;Dominic;Moat;M;2011-02-01;3;0;1;29
231;Mehitable;Kelly;F;2009-06-26;5;1;0;19
232;Adora;Parkes;F;2007-03-31;7;1;1;52
233;Dougie;Lethbridge;M;2008-12-03;6;1;1;35
234;Spencer;Ratcliffe;M;2013-07-16;1;0;2;54
235;Hilary;Cathcart;F;2008-07-25;6;1;1;50
236;Regina;Burney;F;2013-06-04;1;0;0;13
237;Paige;Gibbs;F;2009-05-12;5;1;0;20
238;Alexa;Greasley;F;2009-08-12;5;1;1;49
239;Miranda;Hynes;F;2011-06-23;3;1;0;17
240;Carlile;Beckinsale;M;2008-05-07;6;1;0;9
241;Dwayne;Weir;M;2007-09-13;7;1;0;11
242;Emery;Skinner;M;2009-06-06;5;1;1;33
243;Conway;Byron;M;2009-07-04;5;1;0;8
244;Francie;Dowdeswell;F;2010-03-01;4;1;1;47
245;Babette;Moorhouse;F;2012-07-14;2;0;3;95
246;Colette;Wordsworth;F;2008-02-21;6;1;1;50
247;Rudy;Hayles;M;2013-12-26;1;0;3;81
248;Wilmon;Skeete;M;2011-04-30;3;1;3;87
249;Jemmy;Gilbert;M;2008-04-09;6;1;3;91
250;Lydia;Woodward;F;2009-06-21;5;1;1;48
251;Alex;Penland;M;2009-09-04;5;1;0;6
252;Henry;Penington;M;2012-01-04;2;0;1;28
253;Gerard;Edmunds;M;2010-12-04;4;1;1;31
254;Kirsteen;Irish;F;2007-02-18;7;1;0;25
255;Noel;Dyer;M;2013-02-13;1;0;0;0
256;Mary;Dowden;F;2007-01-23;7;1;3;103
257;Booth;Lucey;M;2010-11-23;4;1;3;89
258;Ramsey;Beal;M;2008-08-04;6;1;0;9
259;Lauretta;Arbour;F;2007-01-21;7;1;3;104
260;Talitha;Hazell;F;2008-10-15;6;1;0;22
261;Osbert;Tyndall;M;2012-02-23;2;0;3;85
262;Joy;Cockerell;F;2012-06-14;2;0;1;41
263;Alyson;Horton;F;2013-10-05;1;0;1;40
264;Addison;Dixon;M;2007-10-20;7;1;1;39
265;Braden;Bray;F;2011-08-04;3;1;2;70
266;Ulysses;Cherrington;M;2013-12-24;1;0;3;82
267;Tommy;Meriweather;M;2011-09-24;3;1;1;29
268;Naomi;Phillips;F;2012-12-10;2;0;3;94
269;Nathanael;Weller;M;2011-06-16;3;1;0;2
270;Viola;Bligh;F;2009-02-12;5;1;2;74
271;Laurens;Leftwich;M;2009-12-24;5;1;3;90
272;Rose;Parkins;F;2011-05-29;3;1;2;70
273;Cherry;Wallis;F;2010-09-01;4;0;0;18
274;Iona;Bloomer;F;2011-09-23;3;1;3;96
275;Claribel;Kaye;F;2009-06-24;5;1;1;48
276;Jackie;Cochrane;M;2007-07-07;7;1;0;11
277;Gwendolyn;Upton;F;2013-08-04;1;0;3;93
278;Napoleon;Knickerbocker;M;2010-09-06;4;1;2;59
279;Hervey;Dyer;M;2013-03-12;1;0;1;26
280;Dicky;Beckett;M;2012-07-31;2;0;3;84
281;Joey;Dowdall;M;2009-05-24;5;1;1;33
282;Noel;Edgar;M;2013-12-08;1;0;2;55
283;Michelle;Newman;F;2013-03-31;1;0;2;66
284;Joyce;Seton-Watson;F;2007-10-25;7;1;3;104
285;Eugene;Sergeant;M;2008-04-01;6;1;1;36
286;Tommy;Whitaker;M;2013-05-27;1;0;2;55
287;Richie;Cunningham;M;2007-07-03;7;1;2;64
288;Ev;Lane Fox;M;2010-02-18;4;1;0;5
289;Randolph;Bowyer;M;2012-07-20;2;0;3;84
290;Archie;Morehouse;M;2011-12-17;3;1;2;57
291;Krista;Teed;F;2011-06-12;3;1;2;70
292;Sharon;Ferko;F;2009-02-14;5;0;3;100
293;Mark;Berwick;M;2011-11-29;3;1;2;57
294;Imelda;Wind;F;2010-12-08;4;1;0;18
295;Gilbert;Turnbull;M;2013-11-04;1;0;1;27
296;Damian;Ball;M;2009-12-27;5;1;3;90
297;Job;Huxley;M;2013-02-08;1;0;0;0
298;Bud;Bow;M;2010-05-02;4;1;2;59
299;Marina;Rainforth;F;2012-10-02;2;0;3;94
300;Doug;Hutchison;M;2008-05-30;6;1;3;91
301;Charl;Gregson;M;2009-02-15;5;1;0;8
302;Winston;Dunlop;M;2011-03-27;3;1;0;2
303;Wyatt;Cownie;M;2010-04-08;4;1;1;30
304;Des;Bramble;M;2007-09-08;7;1;2;64
305;Petrina;Cadman;F;2007-08-04;7;1;1;52
306;Angella;Dear;F;2008-06-10;6;1;2;77
307;Kimberly;Houseman;F;2008-03-22;6;1;1;51
308;Jay;Hurndall;M;2013-06-12;1;0;2;55
309;Babette;Vann;F;2007-02-09;7;1;1;52
310;Craig;Slaight;M;2013-11-16;1;0;3;81
311;Regina;Bertles;F;2013-06-18;1;0;0;14
312;Lana;Claydon;F;2012-06-16;2;0;0;16
313;Jess;Klayman;M;2011-03-13;3;1;1;29
314;Davis;Ivens;M;2013-02-21;1;0;3;82
315;Cody;Hallman;F;2010-11-25;4;1;3;99
316;Wilma;Pennington;F;2008-01-05;6;1;0;22
317;Jack;Wilson;F;2009-09-24;5;1;2;75
318;Ramsey;Watts;M;2013-04-09;1;0;1;26
319;Tyra;Clopton;F;2012-12-21;2;0;2;68
320;Milo;Yelling;M;2011-12-01;3;1;1;29
321;Jodi;Catesby;F;2011-02-07;3;1;1;45
322;Sasha;Nash;F;2010-06-19;4;1;2;72
323;Eleanor;Goodman;F;2010-12-08;4;1;3;99
324;Mae;Chandler;F;2010-10-10;4;0;1;47
325;Tonya;Whiteway;F;2011-12-28;3;1;0;17
326;Cary;Myrick;F;2009-11-20;5;1;3;100
327;Blake;Pitzen;M;2010-03-12;4;1;0;5
328;Maxine;Hewson;F;2009-11-07;5;1;1;49
329;Heath;Liddell;M;2011-05-20;3;1;0;3
330;Shawn;Rice;M;2007-03-26;7;1;2;64
331;Becki;Stark;F;2008-09-01;6;1;1;50
332;Jet;Coyle;M;2013-08-11;1;0;1;26
333;Nettie;Pride;F;2010-04-27;4;1;3;99
334;Lindy;Spicer;F;2009-11-16;5;1;2;73
335;Alan;Bigwood;M;2011-11-15;3;1;1;29
336;Cardew;Nettlefold;M;2012-09-01;2;0;0;1
337;Chucky;Noe;M;2007-10-12;7;1;1;39
338;Madison;Storey;M;2012-07-23;2;0;0;1
339;Risa;Pickett;F;2007-11-20;7;1;2;78
340;Ingrid;Gardner;F;2009-03-30;5;1;1;49
341;Joyce;Farmer;F;2007-07-22;7;1;3;104
342;Fred;Scrubb;M;2010-06-18;4;1;0;5
343;Carson;Batt;F;2010-04-17;4;1;0;18
344;Scott;Stott;M;2012-10-18;2;0;3;85
345;Tara;Keate;F;2008-04-01;6;1;2;76
346;Mort;Letchford;M;2009-12-31;5;1;1;34
347;Laurie;Hutchison;M;2012-07-10;2;0;2;56
348;Brock;Berker;M;2009-01-24;5;1;2;60
349;Suzanne;MacGorman;F;2007-07-16;7;1;1;52
350;Alisha;Cleland;F;2011-07-06;3;1;1;44
351;Nathan;Tanner;M;2008-04-15;6;1;1;35
352;Joyce;Deller;F;2011-01-26;3;1;3;96
353;Colton;Bird;M;2012-12-22;2;0;3;85
354;Sharla;Bellingham;F;2011-08-10;3;1;2;69
355;Ephrem;Worthington;M;2009-05-31;5;1;1;33
356;Richie;Batts;M;2009-05-18;5;1;1;34
357;Wilhelm;Holliday;M;2012-12-17;2;0;0;1
358;Yancy;Skaife;M;2012-12-02;2;0;0;1
359;Gertie;Horden;F;2012-07-22;2;0;1;41
360;Kaylee;Giles;F;2010-06-04;4;1;2;71
361;Sarah;Linton;F;2012-12-31;2;0;1;41
362;Lilla;Bradshaw;F;2012-12-31;2;0;3;95
363;Lillian;Atlee;F;2010-06-10;4;1;3;97
364;Juno;Stackhouse;M;2012-08-07;2;0;2;56
365;Enid;Querrey;F;2008-08-29;6;1;3;102
366;Aidin;Dargie;M;2010-11-20;4;1;0;4
367;Chuck;Lawrence;M;2011-02-10;3;1;1;29
368;Doug;Spencer-Churchill;M;2012-10-09;2;0;1;28
369;Cyril;Roylance;M;2010-09-04;4;1;0;5
370;Lacey;Buckmaster;F;2013-12-27;1;0;3;93
371;Jeffery;Crisp;M;2009-01-26;5;1;2;60
372;Calla;Ingham;F;2012-12-26;2;0;2;68
373;Vic;Sydney;M;2008-11-26;6;1;2;63
374;Shania;Lyle;F;2007-06-30;7;1;2;78
375;Jay;Hearman;M;2007-12-18;7;1;3;92
376;Bernie;Whitfield;M;2009-03-23;5;1;2;60
377;Stewart;Grenville;M;2007-07-25;7;1;1;39
378;Ash;Walton;F;2011-09-11;3;1;3;96
379;Peleg;Maxwell;M;2009-11-29;5;1;3;90
380;Tiffany;Allsebrook;F;2010-06-09;4;1;0;18
381;Curtis;Tylecote;M;2011-02-19;3;1;1;29
382;Laidman;Wind;M;2010-04-10;4;1;1;31
383;Daphne;Hefley;F;2009-10-29;5;1;3;100
384;Shane;Shearman;M;2008-03-03;6;1;3;91
385;Celestia;Trull;F;2008-03-11;6;1;3;101
386;Albina;Brazier;F;2012-10-07;2;0;1;42
387;Marcie;Jeal;F;2010-10-10;4;1;2;72
388;Wilf;Lancaster;M;2013-05-05;1;0;3;83
389;Gregory;Arterton;M;2011-06-09;3;1;3;86
390;Finn;Harsent;F;2008-04-27;6;1;2;77
391;Maude;Dunn;F;2009-08-01;5;1;2;73
392;Austen;McCauley;M;2008-05-14;6;1;3;91
393;Stevie;Parkes;F;2013-02-01;1;0;2;65
394;Garth;Smart;M;2012-05-10;2;0;3;84
395;Horace;Exton;M;2013-05-02;1;0;3;82
396;Laurie;Wilk;F;2009-06-30;5;1;3;100
397;Joey;Masters;M;2013-05-14;1;0;0;0
398;Deanna;Braceful;F;2007-01-12;7;1;2;78
399;Hilary;Ginger;F;2009-03-29;5;1;0;20
400;Sydney;Bottrill;F;2012-01-28;2;0;3;95
401;Des;Walton;M;2011-11-08;3;1;2;58
402;Bubba;Torbett;M;2007-12-17;7;1;0;11
403;Darren;Baynton;M;2010-06-28;4;1;3;89
404;Vanessa;Pateman;F;2011-03-01;3;1;0;17
405;Margo;Lea;F;2009-11-20;5;1;2;75
406;Clara;Fort;F;2007-01-13;7;1;1;52
407;Booth;Pontifex;M;2007-02-26;7;1;2;64
408;Elora;Critchell;F;2008-09-11;6;1;0;21
409;Colby;Hearnshaw;M;2012-06-23;2;0;1;28
410;Gale;Ferrier;M;2013-06-02;1;0;3;82
411;Kailey;Babbs;F;2012-06-16;2;0;3;95
412;Simone;Stairs;F;2008-10-27;6;1;3;102
413;Edgar;Hallam;M;2011-02-21;3;1;3;87
414;Nevaeh;Finley;F;2008-09-25;6;1;2;77
415;Bertha;McCain;F;2007-07-28;7;1;2;80
416;Jensen;Stark;F;2011-08-03;3;1;0;17
417;Damon;Dunn;M;2009-01-07;5;1;1;34
418;Patrice;Amos;F;2008-01-08;6;1;1;50
419;Ethan;Merritt;M;2013-09-07;1;0;0;0
420;Allan;Haycraft;M;2010-04-22;4;1;0;4
421;Gunner;Croucher;M;2011-12-31;3;1;2;57
422;Regina;Leatherbarrow;F;2010-04-19;4;1;1;46
423;August;Laster;M;2008-11-23;6;1;1;36
424;Chelsea;Yarranton;F;2012-09-29;2;0;0;16
425;Ethan;Crowell;M;2013-04-26;1;0;0;0
426;Ed;Aldred;M;2010-05-28;4;1;3;89
427;Lincoln;Tinsley;M;2013-04-23;1;0;1;27
428;Charlyne;Dy;F;2008-01-16;6;1;1;50
429;Lucy;Thomson;F;2007-07-24;7;1;0;23
430;Eric;Lister;M;2013-05-25;1;0;1;27
431;Wanda;Cockerell;F;2009-05-17;5;1;0;20
432;Stefan;Lively;M;2008-11-30;6;1;1;35
433;Courtney;Carleton;F;2010-09-28;4;1;2;71
434;Theodore;Rykener;M;2011-03-26;3;1;3;86
435;Carissa;Goff;F;2009-07-10;5;1;1;49
436;Mitchell;Alger;M;2010-04-27;4;0;0;4
437;Edd;Moore-Bick;M;2012-08-27;2;0;1;28
438;Donald;Clutter;M;2011-01-22;3;1;2;58
439;Tori;Perch;F;2011-11-25;3;1;3;96
440;Zeb;Hampson;M;2009-11-26;5;1;1;34
441;Lori;Blair;F;2011-06-07;3;1;0;17
442;Duane;Needham;M;2010-09-08;4;1;0;4
443;Laidman;Ackroyd;M;2007-10-05;7;1;1;37
444;Canute;Lamphere;M;2012-08-20;2;0;3;84
445;Jolie;Waugh;F;2013-05-24;1;0;2;65
446;Isabella;Conlee;F;2010-10-21;4;1;1;47
447;Denise;Wolryche;F;2012-07-07;2;0;3;95
448;Sophie;Ashley;F;2011-02-14;3;1;3;96
449;Zeph;Heathcoat-Amory;M;2011-08-01;3;1;1;29
450;Leila;Heselton;F;2007-09-24;7;1;2;80
451;Julian;Jeffery;M;2010-08-30;4;1;0;4
452;Dawn;James;F;2010-11-21;4;0;0;18
453;Ted;Flowers;M;2013-04-02;1;0;0;0
454;Charley;Sproson;M;2012-10-30;2;0;0;1
455;Fabienne;Blair;F;2009-02-06;5;1;1;48
456;Janie;Harman;F;2009-09-21;5;1;1;49
457;Grace;Heron;F;2009-01-11;5;1;2;73
458;Davy;McClain;M;2012-11-19;2;0;2;56
459;Emerald;Brabin;F;2012-01-12;2;0;0;16
460;Elmer;Pontifex;M;2011-10-17;3;1;2;57
461;Zayden;Harrelson;M;2011-12-31;3;1;0;3
462;Chadwick;Oxenham;M;2012-03-04;2;0;0;1
463;Carmelita;Eagleman;F;2010-06-06;4;1;0;18
464;Velma;Greeson;F;2009-12-24;5;1;1;48
465;Hunter;Bow;M;2013-08-11;1;0;0;0
466;Abraham;Lines;M;2012-07-25;2;0;2;56
467;Lyndon;Glancey;M;2012-10-29;2;0;1;28
468;Juno;Sheppard;M;2009-04-27;5;1;1;34
469;Karlene;Hadaway;F;2007-03-27;7;1;1;52
470;Nestor;Beaton;M;2012-11-17;2;0;1;28
471;Rupert;Luckham;M;2008-05-07;6;1;3;91
472;Maud;Gayford;F;2010-09-02;4;1;1;46
473;Kane;Pegler;M;2009-05-25;5;1;3;90
474;Norman;Besley;M;2011-01-21;3;1;0;3
475;Loretta;Butterworth;F;2007-04-22;7;1;1;52
476;Persis;Mileham;F;2011-04-24;3;1;0;17
477;Brianna;Meggott;F;2013-12-28;1;0;0;14
478;Georgie;Clutter;F;2008-09-03;6;1;2;76
479;Melville;Carr-Gomm;M;2007-08-31;7;1;2;64
480;James;Nicolson;M;2012-01-15;2;0;2;56
481;Gabriel;Hawksley;M;2011-11-06;3;0;1;29
482;Laidman;Higham;M;2011-12-04;3;1;2;57
483;Johnson;McKercher;M;2008-02-04;6;1;0;10
484;Dirk;Hayday;M;2007-04-16;7;1;0;12
485;Zane;Daly;M;2008-12-19;6;1;0;10
486;Robbie;Fendley;M;2007-09-10;7;1;2;64
487;Rufus;Hollingworth;M;2007-12-14;7;0;2;64
488;Hunter;Paget;F;2011-09-20;3;1;3;96
489;Karyn;Strahorn;F;2009-06-30;5;1;1;48
490;Jaime;Percival;M;2008-04-14;6;1;3;91
491;Dan;Sorey;M;2010-10-27;4;1;1;32
492;Chance;Rutter;M;2010-02-22;4;1;3;88
493;Abby;Linnell;F;2011-06-02;3;1;1;44
494;Eldred;Logan;M;2012-05-03;2;0;3;85
495;Samson;Staines;M;2007-12-27;7;1;2;64
496;Ada;Leighton;F;2012-12-21;2;0;0;16
497;Gwendolen;Swinnerton;F;2012-10-11;2;0;0;16
498;Nathaniel;DeSanto;M;2011-07-29;3;1;3;87
499;January;Davenport;F;2013-10-23;1;0;1;40
500;Alexandria;Snook;F;2008-08-11;6;1;3;101
501;Bianca;Edmondson;F;2012-05-08;2;0;3;95
502;Ace;Thompson;M;2007-08-24;7;1;3;92
503;Randy;Lively;M;2012-11-03;2;0;0;1
504;Teddy;Leighton;M;2010-01-06;4;1;1;32
505;Frances;Earnshaw;F;2012-12-18;2;0;2;68
506;Angie;Arch;F;2010-06-29;4;1;2;72
507;Annette;Street;F;2011-11-12;3;1;0;17
508;Mindi;Holder;F;2009-05-27;5;1;3;100
509;Jill;Lloyd;F;2013-04-04;1;0;0;15
510;Joanna;Noyce;F;2008-12-02;6;1;2;76
511;Laurie;Randel;F;2008-06-28;6;1;1;51
512;Kalla;Sproson;F;2008-06-04;6;1;0;21
513;Trisha;Rudner;F;2008-04-12;6;1;1;51
514;Ivor;Timmins;M;2012-09-05;2;0;3;84
515;Benn;Luckham;M;2010-07-31;4;1;0;5
516;Bridger;Lewis;M;2007-10-28;7;1;3;92
517;Maddox;Bond;M;2007-06-01;7;1;0;11
518;August;Mallinson;M;2013-08-15;1;0;1;26
519;Blossom;Jenkinson;F;2011-10-22;3;1;0;17
520;Clare;Beere;M;2009-05-07;5;1;3;90
521;Goldie;Thubron;F;2011-09-10;3;1;3;96
522;Helene;Clewer;F;2011-10-27;3;1;0;17
523;Thor;McCluskey;M;2008-05-01;6;1;1;36
524;Jessie;Wolryche;F;2007-02-23;7;1;1;52
525;Darvin;Aimson;M;2009-03-04;5;1;1;33
526;Kane;Boakye-Yiadom;M;2008-09-30;6;1;3;91
527;Joy;Hodgson;F;2012-01-04;2;0;2;68
528;Melvin;Northcraft;M;2009-01-26;5;1;2;61
529;Basil;Alden;M;2010-09-27;4;1;2;59
530;Seth;Powel;M;2011-10-08;3;1;1;29
531;Naomi;Rainford;F;2011-04-03;3;1;3;96
532;Maynard;Adkinson;M;2011-01-23;3;1;0;2
533;Jamie;Levett;M;2011-09-16;3;1;2;57
534;Liza;Huxtable;F;2007-06-24;7;1;1;52
535;Hunter;Johnstone;F;2013-05-14;1;0;0;13
536;Primrose;Redner;F;2007-08-05;7;1;0;23
537;Bertha;Young;F;2010-10-15;4;1;1;46
538;Rudolph;Topping;M;2009-01-10;5;1;1;33
539;Lindsay;Bone;M;2013-05-04;1;0;2;54
540;Iggy;Seton-Watson;M;2010-12-05;4;1;1;30
541;Melvyn;Lord;M;2008-04-06;6;1;0;10
542;Jayce;Christie;M;2007-05-01;7;1;2;64
543;Serena;Minogue;F;2010-07-14;4;1;2;72
544;Jayda;Instone;F;2011-08-08;3;1;1;44
545;Conway;Gray;M;2010-10-16;4;1;1;31
546;Olivia;Albin;F;2010-09-09;4;1;1;46
547;Everett;Yeary;M;2011-04-16;3;1;0;3
548;Walter;Gusfield;M;2011-12-01;3;1;0;2
549;Shaun;Page;M;2009-03-18;5;1;3;90
550;Ralph;Dearborn;M;2008-06-27;6;1;3;91
551;Merle;Holness;M;2013-06-22;1;0;1;27
552;Demetria;Gibbs;F;2011-11-14;3;1;1;44
553;Bernie;Cameron;M;2007-12-16;7;1;1;39
554;Cody;Litteljohn;F;2009-09-09;5;1;0;19
555;Jonah;Battiste;M;2008-12-29;6;1;1;36
556;Darla;Cockerell;F;2013-05-06;1;0;0;15
557;Vera;Vernon;F;2010-08-24;4;1;0;18
558;Rick;Crawford;M;2008-12-01;6;1;2;63
559;Loraine;Goring;F;2013-10-09;1;0;2;67
560;Dexter;Querrey;M;2007-12-06;7;0;1;37
561;Maria;Tuxworth;F;2010-05-22;4;1;1;47
562;Cole;Spalding;M;2008-02-12;6;1;1;36
563;Kim;Beavers;M;2010-12-22;4;1;0;4
564;Myrna;Stroud;F;2011-11-28;3;1;2;69
565;Jan;Malgham;M;2012-03-09;2;0;1;28
566;Mitch;Crofts;M;2010-08-18;4;1;2;59
567;Christy;Rainford;F;2012-02-11;2;0;0;16
568;Ephrem;Tiger;M;2009-08-28;5;1;2;61
569;Lilibeth;Collison;F;2012-12-28;2;0;1;42
570;Dana;Hassell;M;2012-03-05;2;0;0;1
571;Liliana;Cusden;F;2007-09-26;7;1;1;52
572;Gwendoline;Adley;F;2012-12-15;2;0;2;68
573;Rhett;Brennan;M;2013-12-11;1;0;1;26
574;Cade;Dearborn;M;2007-06-21;7;1;0;12
575;Millicent;Firestone;F;2012-05-16;2;0;3;95
576;Valentine;Holmes;M;2010-05-18;4;1;1;31
577;Bryony;Cunningham;F;2010-12-04;4;1;3;98
578;Christi;Walker;F;2012-06-05;2;0;1;42
579;Nancy;Glover;F;2008-12-10;6;0;0;22
580;Miley;Holliday;F;2008-01-17;6;1;0;22
581;Virginia;Collison;F;2011-02-10;3;1;0;17
582;Dicky;Nicholas;M;2013-09-11;1;0;0;0
583;Milward;Childs;M;2012-10-23;2;0;0;1
584;Ernie;Slade;M;2012-07-22;2;0;3;84
585;Chloe;McKercher;F;2007-11-15;7;1;1;52
586;Linus;Lennon;M;2013-04-28;1;0;2;55
587;Beresford;Mayo;M;2011-10-28;3;1;1;29
588;Beverly;Iverson;F;2010-02-12;4;1;2;71
589;Storm;Short;M;2011-11-16;3;1;2;57
590;Lizzie;Edwin;F;2010-06-23;4;1;2;72
591;Jodie;Spratt;F;2012-02-26;2;0;3;95
592;Ross;Tincknell;M;2009-08-01;5;1;0;7
593;Madelaine;Palmerston;F;2012-11-15;2;0;1;42
594;Grace;Lofton;F;2009-09-06;5;1;2;75
595;Jaynie;Blakley;F;2010-11-09;4;1;2;71
596;Myron;Spittle;M;2007-08-17;7;1;1;38
597;Shirley;Thirdkill;F;2013-05-29;1;0;3;93
598;Sierra;Clapham;F;2012-07-28;2;0;3;95
599;Ace;West;M;2013-10-03;1;0;0;0
600;Wells;Jefferies;M;2010-06-20;4;1;2;59
601;Jamie;Law;F;2010-03-26;4;1;2;72
602;Ursula;Roylance;F;2012-04-09;2;0;1;43
603;Felix;Shoemaker;M;2011-11-10;3;1;2;58
604;Kyle;Bertles;M;2013-04-14;1;0;0;0
605;Winifred;Dugdale;F;2012-12-21;2;0;2;68
606;Colin;Vince;M;2008-09-02;6;0;0;9
607;Peleg;Newey;M;2013-05-24;1;0;1;27
608;Cary;Pendelton;F;2009-12-07;5;1;3;100
609;Jenna;Bruce;F;2013-03-28;1;0;1;40
610;Marta;Hancox;F;2008-02-11;6;1;2;77
611;Angel;Butcher;F;2010-05-22;4;0;1;46
612;Alison;Price;M;2009-01-29;5;1;1;33
613;Jessie;Qualls;F;2013-03-27;1;0;1;40
614;Gareth;Sparks;M;2012-11-24;2;0;1;28
615;Courtney;Liddell;M;2008-07-25;6;1;2;62
616;Raife;Poole;M;2012-07-12;2;0;0;1
617;Vinny;Woolf;M;2012-03-18;2;0;0;1
618;Marcus;Lewis;M;2008-10-31;6;1;3;91
619;Larry;Popham;M;2013-09-30;1;0;1;26
620;Heath;Yerburgh;M;2010-10-30;4;1;1;31
621;Ray;Edwin;M;2011-07-13;3;1;0;2
622;Mayola;Hole;F;2013-01-23;1;0;2;66
623;Hugo;Meriweather;M;2010-03-22;4;1;3;89
624;Cheryl;Proudfoot;F;2009-04-04;5;1;2;75
625;Mason;Boote;M;2007-08-09;7;1;0;12
626;Althea;Tinling;F;2013-10-01;1;0;1;40
627;Tommie;Hewson;M;2012-11-04;2;0;3;85
628;Sean;Chilton;M;2011-08-25;3;1;3;87
629;Liliana;Gregg;F;2013-11-11;1;0;0;14
630;Adora;McGann;F;2011-12-30;3;1;1;44
631;Bernie;Corrie;M;2011-07-11;3;1;1;29
632;Humphrey;Benedict;M;2008-08-24;6;0;1;36
633;Charly;Acheson;F;2013-09-02;1;0;3;93
634;Adel;Broadbridge;M;2012-04-25;2;0;2;56
635;Netty;Redish;F;2008-09-03;6;1;0;21
636;Medea;Riehle;F;2009-02-15;5;1;3;100
637;Emanuel;Ryan;M;2008-09-04;6;1;2;63
638;Venus;Reiner;F;2007-10-28;7;1;1;52
639;Lorna;Cousins;F;2010-02-10;4;1;0;18
640;Henry;Glenister;M;2009-02-17;5;1;2;61
641;Dennis;O'Reilly;M;2012-03-01;2;0;0;1
642;Simone;McTavish;F;2008-10-26;6;1;2;76
643;Stanley;Spicer;M;2012-01-12;2;0;1;28
644;Spencer;Lockwood;M;2010-11-07;4;1;2;59
645;Tobias;Greenall;M;2011-02-05;3;1;0;2
646;Dottie;Anstey;F;2011-08-25;3;1;3;96
647;Sarah;Pipes;F;2013-12-09;1;0;3;93
648;Kaden;Coppinger;M;2013-04-26;1;0;2;54
649;Charle;Hazeldine;F;2009-05-25;5;1;3;100
650;Adora;Coberly;F;2011-04-08;3;1;2;70
651;Ritchie;Cheatham;M;2011-02-12;3;1;0;3
652;Leopold;Bull;M;2009-07-01;5;1;3;90
653;Clyde;Docwra;M;2011-08-25;3;1;1;29
654;Lavender;Tincknell;F;2008-03-10;6;1;1;50
655;Carmelita;Watt;F;2008-04-03;6;1;3;102
656;Gunnar;Fulcher;M;2008-05-05;6;1;2;62
657;Aileen;Phipson;F;2011-11-03;3;1;0;17
658;Reese;Bedford;M;2007-11-10;7;1;2;64
659;Karly;Beard;F;2013-07-07;1;0;2;65
660;Reese;Lowe;M;2011-01-21;3;1;3;86
661;Eudora;Hixson;F;2008-08-03;6;1;2;76
662;Nettie;Finn;F;2008-01-09;6;1;2;77
663;Darvin;Paulson;M;2010-09-10;4;1;1;32
664;Clyde;Hector;M;2012-07-31;2;0;3;84
665;Karrie;Crosby;F;2009-07-02;5;1;0;19
666;Eleanor;O'Dell;F;2011-05-29;3;1;0;17
667;Rhoda;Yeager;F;2013-01-20;1;0;3;93
668;Fleur;Laidman;F;2010-06-12;4;1;3;98
669;Oscar;Haycocks;M;2013-02-01;1;0;0;0
670;Grover;Lolley;M;2012-05-23;2;0;0;1
671;Jackie;Hampson;F;2007-09-19;7;1;2;79
672;Alfred;Hose;M;2010-03-13;4;1;3;89
673;Noah;Sergeant;M;2012-03-16;2;0;3;84
674;Jayce;Nicholas;M;2011-08-28;3;1;1;29
675;Clover;Cousins;F;2011-08-01;3;1;0;17
676;Roman;Armon;M;2013-08-15;1;0;0;0
677;Gordon;Cowell;M;2007-08-24;7;1;0;12
678;Marta;McCauley;F;2010-01-06;4;1;1;46
679;Helen;MacCloud;F;2010-06-11;4;1;3;97
680;Christopher;Allyson;M;2013-07-09;1;0;3;81
681;Adrian;Knickerbocker;M;2007-12-13;7;1;3;92
682;Sophie;Leech;F;2008-06-21;6;1;1;51
683;Kristin;Sampson;F;2010-09-12;4;1;3;97
684;Frankie;Coombs;F;2010-07-07;4;1;2;71
685;Courtney;Coleman;F;2011-09-17;3;1;2;70
686;Eileen;Cain;F;2013-03-30;1;0;3;93
687;Babette;Drew;F;2007-05-24;7;1;0;23
688;Lori;Stembridge;F;2011-09-20;3;1;0;17
689;Sarina;Childress;F;2008-03-01;6;1;2;77
690;Tyler;Chippendale;M;2008-06-27;6;1;2;63
691;Erin;Peabody;F;2010-02-15;4;1;3;99
692;Vinny;Dodgson;M;2010-06-22;4;1;1;30
693;Loretta;Arnold;F;2009-11-11;5;1;2;73
694;Drew;Castle;F;2010-10-06;4;1;3;99
695;Sharlene;Huntington-Whiteley;F;2010-12-04;4;1;2;72
696;Davina;Fruean;F;2012-03-24;2;0;2;68
697;Arnaut;Dyal;M;2008-06-02;6;1;0;10
698;Alvin;Pointon;M;2011-07-04;3;1;1;29
699;Cathy;Rector;F;2013-01-08;1;0;2;65
700;Allan;Byers;M;2007-03-16;7;1;3;92
701;Helene;Gay;F;2007-12-26;7;1;2;80
702;Yvonne;Gough;F;2013-05-01;1;0;1;40
703;Sloane;Shown;M;2007-06-19;7;1;0;11
704;Darell;Petric;M;2009-04-14;5;1;2;61
705;Ginny;Gibbon;F;2012-03-06;2;0;1;42
706;Winnie;Henville;F;2012-04-07;2;0;1;42
707;Charla;Sibley;F;2010-08-20;4;1;1;47
708;Calla;Ginger;F;2009-01-14;5;1;0;20
709;Arabella;Shersby;F;2009-10-11;5;1;2;73
710;Barbara;Alger;F;2008-12-02;6;1;3;102
711;Krista;Durbridge;F;2012-04-12;2;0;2;68
712;Garth;Groom;M;2008-02-13;6;1;0;9
713;Diane;Eyman;F;2007-02-18;7;1;1;52
714;Hugh;Medwin;M;2013-06-01;1;0;0;0
715;Sid;Keys;M;2010-02-09;4;1;2;59
716;Chuck;Wilmut;M;2011-08-01;3;1;0;2
717;Troy;Homewood;M;2012-09-03;2;0;3;85
718;Dulcie;Farlow;F;2010-08-23;4;1;0;18
719;Paula;McHugh;F;2009-05-08;5;1;3;100
720;Lotty;Scaife;F;2011-04-20;3;1;0;17
721;Leonard;Whittemore;M;2011-04-20;3;1;0;3
722;Saul;Portman;M;2008-11-22;6;1;3;91
723;Wilf;Murphy;M;2007-05-04;7;1;2;64
724;Ebenezer;Hargreaves;M;2011-11-11;3;1;3;87
725;Newt;Acres;M;2013-10-15;1;0;1;26
726;Lettice;Barr;F;2008-08-12;6;1;1;50
727;Roderick;Slowey;M;2008-02-11;6;1;1;35
728;Otis;Palmer-Tomkinson;M;2011-09-02;3;1;0;2
729;Evelyn;Lovejoy;M;2009-10-16;5;1;2;60
730;Kane;Treadwell;M;2013-06-07;1;0;0;0
731;Curtis;Brewill;M;2007-10-17;7;0;2;64
732;Angela;Mollison;F;2009-11-25;5;1;3;100
733;Horatio;Brailsford;M;2011-11-21;3;1;2;58
734;Raleigh;Penland;M;2008-01-15;6;1;0;9
735;Millicent;Dobson;F;2012-01-16;2;0;1;43
736;Carina;Nicholl;F;2009-07-15;5;1;3;100
737;Cara;Rayner;F;2011-06-03;3;0;3;96
738;Carolina;Compton;F;2007-10-15;7;1;0;24
739;Kian;Dudley;M;2009-10-14;5;1;0;6
740;Tyra;Ingpen;F;2009-09-30;5;1;1;49
741;Josephine;Inglis;F;2013-09-29;1;0;1;40
742;Brenda;Ogden;F;2012-12-04;2;0;0;16
743;Tim;Humphrys;M;2007-12-05;7;1;1;38
744;Desmond;Holbrook;M;2007-08-10;7;1;0;12
745;Paddy;Robertson;F;2011-05-31;3;1;0;17
746;Sam;McBeth;M;2008-06-16;6;1;1;35
747;Baron;Littlepage;M;2008-09-22;6;1;1;36
748;Obadiah;Randel;M;2010-03-08;4;1;2;59
749;Clayton;Bostick;M;2010-05-23;4;1;3;89
750;Eli;Dewing;M;2010-11-23;4;1;0;5
751;Janet;Appleby;F;2007-03-24;7;1;3;104
752;Preston;Benge;M;2008-03-26;6;1;3;91
753;Susanna;Earnshaw;F;2009-03-30;5;1;2;73
754;Posy;Palmerston;M;2011-07-12;3;1;2;57
755;Scarlett;McLennan;F;2011-02-10;3;1;2;69
756;Alaina;Dawsey;F;2009-01-08;5;1;2;75
757;Bradley;Pickard-Cambridge;M;2009-12-26;5;1;3;90
758;Pansy;Brackenbury;F;2012-03-16;2;0;1;42
759;Clare;Medford;F;2013-12-16;1;0;2;67
760;Ealdgyth;Teresi;F;2009-07-06;5;1;2;74
761;Harris;Ineson;M;2008-01-26;6;1;0;10
762;Gage;Skelton;F;2012-01-17;2;0;3;94
763;Lyle;Atkin;M;2008-02-09;6;1;3;91
764;Cosmo;Richmond;M;2008-01-27;6;1;2;63
765;Katie;Cawley;F;2013-12-19;1;0;2;65
766;Harwood;Watt;M;2009-07-14;5;1;2;60
767;Willard;McKey;M;2013-05-01;1;0;0;0
768;Celinda;Bannerman;F;2013-03-15;1;0;3;93
769;Lauren;Herdman;F;2007-07-31;7;1;3;103
770;Francie;Clarkson;F;2007-11-06;7;1;0;24
771;Brielle;Teasley;F;2011-08-24;3;1;0;17
772;Marlene;Quilley;F;2012-03-26;2;0;2;68
773;Frederic;Maddux;M;2012-08-16;2;0;3;85
774;Magnolia;Bennett;F;2008-07-19;6;1;1;50
775;Shaun;Inglis;M;2011-12-01;3;1;0;3
776;Perry;Adlington;M;2011-02-21;3;1;0;3
777;Cassidy;McPartland;F;2013-05-29;1;0;1;40
778;Gail;Jacobs;F;2008-09-23;6;0;0;22
779;Luther;McCluskey;M;2010-12-10;4;1;0;4
780;Katey;Wren;F;2012-04-09;2;0;0;16
781;Skyler;Dowdall;M;2007-12-10;7;1;3;92
782;Keith;Tibbals;M;2011-07-17;3;1;1;29
783;Angelina;Colwell;F;2012-03-05;2;0;2;68
784;Beau;Twyman;F;2012-02-04;2;0;2;68
785;Jody;Parkinson;F;2012-10-28;2;0;2;68
786;Mindi;Fesperman;F;2008-08-15;6;1;2;76
787;Jane;Durant;F;2010-07-08;4;1;1;47
788;Carly;Truman;F;2011-07-30;3;1;2;70
789;Delaney;Petrich;F;2013-09-22;1;0;1;40
790;Cody;Tazewell;F;2011-02-01;3;0;0;17
791;Armand;Bright;M;2008-03-06;6;1;0;10
792;Kristen;Herbertson;F;2007-11-11;7;1;1;52
793;Montgomery;Amory;M;2010-07-22;4;1;1;32
794;Angella;Cok;F;2009-07-20;5;1;1;48
795;Blanche;Luckham;F;2013-08-27;1;0;0;13
796;Buddy;Fryer;M;2010-08-24;4;1;3;88
797;Cary;Corbett;F;2009-03-23;5;1;2;75
798;Merle;Slim;F;2010-12-10;4;1;0;18
799;Emery;Letchford;M;2013-01-22;1;0;2;55
800;Marquise;Fish;M;2008-05-04;6;1;3;91
801;Hector;Birtwistle;M;2013-05-27;1;0;2;54
802;Roualeyn;Dimbleby;M;2013-12-24;1;0;1;26
803;Theo;Clairmont;M;2008-07-05;6;1;1;35
804;Frederica;Gundy;F;2013-11-16;1;0;3;93
805;Horatio;Whittemore;M;2009-03-29;5;1;0;7
806;Casey;Petrich;M;2009-03-11;5;1;2;60
807;Alexa;Cowie;F;2009-08-06;5;1;1;48
808;Kay;Gregg;F;2012-12-25;2;0;1;42
809;Emerald;Heslop-Harrison;F;2013-04-10;1;0;0;14
810;Edgar;Critchell;M;2012-07-02;2;0;2;56
811;Archie;Fryer;M;2011-12-08;3;1;1;29
812;Patty;Launchbury;F;2013-05-15;1;0;2;67
813;Bud;Claydon;M;2012-08-25;2;0;1;28
814;Sky;Lawyer;M;2012-03-13;2;0;0;1
815;Thomas;Bradbury;M;2008-08-06;6;1;1;35
816;Derek;Holland;M;2013-01-03;1;0;0;0
817;Harwood;Waddilove;M;2007-09-23;7;1;0;11
818;Cecilia;Trevanion;F;2008-02-26;6;1;1;50
819;Reginald;Legge;M;2007-12-29;7;1;0;12
820;Aaron;Ogden;M;2012-12-14;2;0;2;56
821;Violet;Mayne;F;2011-08-14;3;1;3;96
822;Caden;McNair-Wilson;F;2011-12-06;3;1;3;96
823;Reynold;Bettney;M;2007-06-27;7;1;3;92
824;Sharla;Webber;F;2007-12-13;7;1;0;23
825;Coral;Randel;F;2007-02-26;7;0;1;52
826;Armand;Alan;M;2010-02-06;4;1;3;88
827;Pearl;Needham;F;2008-10-14;6;1;0;21
828;Spring;Robertshaw;F;2007-08-18;7;0;1;52
829;Narcissa;Thirdkill;F;2009-03-15;5;1;2;75
830;Bobby;Clutton-Brock;M;2010-09-09;4;1;0;5
831;Rick;Gough;M;2010-05-07;4;1;0;5
832;Riley;Maguire;M;2009-07-01;5;1;1;34
833;Alistair;Wills;M;2009-09-07;5;1;1;34
834;Alaina;Busby;F;2007-06-01;7;1;3;103
835;Carmelita;Cheatham;F;2010-05-22;4;1;0;18
836;Heidi;Brabin;F;2013-02-08;1;0;0;14
837;Charly;Applegate;F;2012-07-22;2;0;1;43
838;Phoebe;Lines;F;2009-10-25;5;1;1;49
839;Jace;Birdsong;M;2008-10-13;6;1;2;63
840;Rhoda;Rylance;F;2009-04-16;5;0;3;100
841;Timmy;Huckabee;M;2013-08-15;1;0;2;54
842;Demi;Berkeley;F;2012-10-30;2;0;2;68
843;Stuart;Toner;M;2013-05-28;1;0;2;53
844;Melody;Lovejoy;F;2013-03-08;1;0;0;13
845;Gertie;Beech;F;2012-10-09;2;0;0;16
846;Ethan;Radcliffe;M;2012-05-31;2;0;0;1
847;Maxine;Ottewill;F;2011-04-24;3;1;0;17
848;Marvin;Horniman;M;2007-03-08;7;1;0;11
849;Russell;Latham;M;2011-04-04;3;1;3;87
850;Sandy;Quek;F;2012-02-14;2;0;0;16
851;Abby;Brewster;F;2010-07-29;4;1;3;97
852;Alberta;Talbot;F;2012-04-04;2;0;3;95
853;Job;Hilliam;M;2010-12-02;4;1;1;31
854;Shirley;Fielden;F;2007-03-30;7;1;3;103
855;Cosmo;Hastings;M;2008-09-15;6;1;2;62
856;Rufus;Maynard;M;2008-06-13;6;1;1;36
857;Jason;Kovacec;M;2011-04-05;3;1;1;29
858;Jessie;Simon;F;2013-12-21;1;0;0;13
859;Swaine;Lader;M;2009-06-16;5;1;0;8
860;Paige;Day;F;2011-12-17;3;1;0;17
861;Jackson;Summerhayes;M;2011-10-02;3;0;2;58
862;Brenda;Duddridge;F;2010-10-28;4;1;3;99
863;Aleana;Overstreet;F;2009-04-10;5;0;1;48
864;Jane;Hebb;F;2007-10-30;7;0;0;23
865;Canute;Stanley;M;2009-01-28;5;1;1;33
866;Karlee;Burwick;F;2009-01-08;5;1;3;100
867;Colman;Gayfer;M;2007-11-16;7;1;2;64
868;Nicola;Toop;F;2012-01-09;2;0;3;94
869;Celia;Squirrell;F;2010-09-07;4;1;3;98
870;Kaylee;Bronson;F;2008-02-21;6;1;0;22
871;Hodierna;Watt;F;2009-07-15;5;1;2;74
872;Carol;Linton;F;2009-04-25;5;1;3;100
873;Malachi;Worland;M;2009-01-30;5;1;2;60
874;Cyrus;Vail;M;2012-04-25;2;0;2;56
875;Cecilia;Arch;F;2010-09-23;4;1;0;18
876;Hodierna;Heslop-Harrison;F;2009-10-21;5;1;2;75
877;Mary;Marshall;F;2011-04-27;3;1;3;96
878;Terry;Bowater;M;2012-04-17;2;0;0;1
879;Clarence;Oatway;M;2013-04-13;1;0;1;26
880;Xander;Walden;M;2012-11-17;2;0;2;56
881;Aaron;Devoe;M;2013-06-06;1;0;0;0
882;Mila;Biswell;F;2010-10-30;4;1;2;72
883;Juliet;Langley;F;2007-01-10;7;1;3;104
884;Elisha;Maxse;F;2012-02-17;2;0;2;68
885;Carissa;Bruce;F;2007-07-11;7;1;0;23
886;Clare;Alcorn;M;2010-10-24;4;1;2;59
887;Lindsay;Provisor;M;2008-04-16;6;1;2;63
888;Eugene;Basford;M;2008-07-24;6;1;2;63
889;Emily;Randel;F;2011-04-24;3;1;1;44
890;Blair;Ogden;F;2010-08-02;4;1;0;18
891;Taran;Pritchard;M;2012-12-05;2;0;1;28
892;Chadwick;Cleveland;M;2010-06-13;4;1;1;31
893;Wilson;Stanfield;M;2013-01-27;1;0;1;26
894;Jaden;Smithies;M;2011-04-09;3;1;0;3
895;Brilliana;Empey;F;2013-10-09;1;0;3;93
896;Chris;Wyness;M;2011-04-15;3;1;3;86
897;Hank;Arliss;M;2009-10-23;5;1;3;90
898;Kaylee;Farwell;F;2013-05-13;1;0;3;93
899;Doug;Westgate;M;2012-03-23;2;0;1;28
900;Kenny;Iverson;M;2009-10-16;5;1;3;90
901;Wally;MacDonald;M;2009-11-11;5;1;3;90
902;Abraham;Collinson;M;2010-11-17;4;1;3;89
903;Barb;Sidney;F;2007-04-24;7;1;2;79
904;Noah;Squirrell;M;2011-12-29;3;1;3;86
905;Enid;Giles;F;2008-11-29;6;1;3;101
906;Doris;Merrington;F;2007-01-06;7;1;0;25
907;Stevland;Thompson;M;2010-03-24;4;1;2;59
908;Odette;Ewell;F;2009-09-13;5;1;1;48
909;Chara;Lemer;F;2011-08-01;3;1;1;44
910;Sandy;Greengard;F;2012-04-04;2;0;2;68
911;Cleve;Cherrington;M;2013-12-16;1;0;1;27
912;Julia;Hooker;F;2007-08-18;7;1;3;104
913;Nate;Avey;M;2010-07-22;4;1;2;59
914;Leon;Stanbury;M;2008-10-23;6;1;2;63
915;Benedict;Joy;M;2010-01-21;4;1;3;88
916;Deanna;Orme;F;2010-09-19;4;1;3;98
917;Tod;Penington;M;2007-08-14;7;0;1;38
918;Holly;Gardiner;F;2012-10-15;2;0;0;16
919;Miriam;Howes;F;2009-01-09;5;1;0;20
920;Victoria;Padden;F;2008-04-14;6;1;1;50
921;Hayden;Farwell;M;2012-12-11;2;0;3;85
922;Eileen;Capstick;F;2011-09-21;3;1;2;69
923;Herbert;Proudfoot;M;2007-07-27;7;1;0;12
924;Carl;Jacobson;M;2011-03-19;3;1;0;2
925;Gus;Foley;M;2013-09-21;1;0;0;0
926;Marjorie;Minhinnick;F;2012-07-06;2;0;3;94
927;Ev;Jordison;M;2007-11-24;7;1;0;12
928;Ralph;Kells;M;2013-05-12;1;0;2;54
929;Alexander;Wimshurst;M;2009-09-24;5;1;3;90
930;Bianca;Crawford;F;2009-05-17;5;1;3;100
931;Thaddeus;Lovely;M;2011-03-14;3;1;0;3
932;Tazewell;Yount;M;2010-06-02;4;1;1;31
933;Darlene;Leith;F;2013-11-11;1;0;2;67
934;Coraline;Walle;F;2012-11-06;2;0;2;68
935;Emily;Coleman;F;2008-03-20;6;1;3;102
936;Jerry;Hayes;M;2011-09-14;3;1;1;29
937;Evander;Jessop;M;2013-06-12;1;0;0;0
938;Ron;Burtt;M;2008-04-06;6;1;0;9
939;Carissa;McPartland;F;2012-03-13;2;0;0;16
940;Nena;Calder-Marshall;F;2007-08-21;7;1;3;103
941;Wesley;Wrinch;M;2012-03-27;2;0;0;1
942;Gerry;Teague;M;2013-03-19;1;0;3;82
943;Tom;Beasley;M;2010-09-16;4;1;2;59
944;Willard;Fleck;M;2009-05-19;5;1;3;90
945;Patsy;Bramley-Moore;F;2009-12-18;5;1;0;20
946;Gorden;Sappleton;M;2011-12-25;3;0;2;58
947;Flint;Griffith;M;2010-02-08;4;1;0;5
948;Danny;Saywell;M;2011-12-12;3;1;1;29
949;Adora;Goodway;F;2007-11-24;7;1;3;103
950;Kristen;Waite;F;2009-01-29;5;1;3;100
951;Andrea;Bethune;F;2010-08-14;4;1;2;72
952;Hayden;Lawson;M;2009-10-22;5;1;2;60
953;Frankie;Paynter;F;2007-12-01;7;1;3;103
954;Nathanael;South;M;2010-07-08;4;1;0;5
955;Quincy;Whitehouse;M;2012-03-27;2;0;0;1
956;Newt;Purdon;M;2010-09-15;4;1;3;88
957;Osbert;Pontifex;M;2007-02-02;7;0;0;12
958;Ritchie;Garside;M;2007-09-29;7;1;2;64
959;Joel;Thubron;M;2010-02-04;4;1;3;88
960;Erika;Pancake;F;2009-12-18;5;1;3;100
961;Gage;Appleby;M;2008-12-17;6;1;2;62
962;Diamond;Astley;F;2007-11-04;7;0;2;79
963;Sigmund;Mullen;M;2011-06-05;3;1;2;57
964;Leo;Barnett;M;2013-05-21;1;0;3;82
965;Lucas;Massengill;M;2013-05-25;1;0;1;26
966;Lavender;Reynolds;F;2011-03-31;3;1;3;96
967;Roderick;Rylance;M;2009-05-14;5;1;2;60
968;Eadgifu;Smart;F;2010-08-29;4;1;0;18
969;Bartholomew;Whittle;M;2009-11-09;5;1;2;61
970;Kenneth;Hartnell;M;2007-09-23;7;1;3;92
971;Simon;Halley;M;2007-07-16;7;1;0;11
972;Gulliver;Biswell;M;2008-12-14;6;1;1;36
973;Betty;Chatfield-Taylor;F;2011-11-06;3;1;1;45
974;Alexander;Batchelor;M;2013-12-20;1;0;2;53
975;Merlin;Hasley;M;2013-03-02;1;0;2;53
976;Jeffrey;Lalor;M;2007-01-28;7;1;3;92
977;Marmaduke;Henville;M;2011-07-13;3;1;3;86
978;Shayne;Leuty;M;2011-07-14;3;1;2;57
979;Devon;Milton;F;2009-03-13;5;1;3;100
980;Celia;Lavers;F;2011-05-10;3;1;0;17
981;Helena;Frampton;F;2013-04-18;1;0;0;13
982;Sam;Bettridge;M;2007-07-21;7;1;2;64
983;Alan;Lawton;M;2010-03-14;4;1;3;89
984;Roberta;Lawson;F;2007-10-11;7;1;2;79
